Brand,Brand_1,Brand_2,Brand_3,Brand_4
66GIRLS,,,,
APE,A BATHING APE,,,
ACUVUE,安視優,,,
ADIDAS,,,,
AES,,,,
AIR JORDAN,,,,
AIRSPACE,AIR SPACE,,,
ALDEN,,,,
ALPHA INDUSTRIES,阿爾法工業,,,
ALPHABRAVO,ALPHA BRAVO,,,
AMAZON,亞馬遜,,,
ANDENHUD,ANDEN HUD,,,
APENTUR,,,,
ARC'TERYX,始祖鳥,,,
ARC'TERYXLEAF,ARCTERYX LEAF,軍鳥,,
ASICS,亞瑟士,,,
ASOS,,,,
ATUNAS,歐都納,,,
AUTHENTIC UNION MADE,菲爾森,AUTHENTIC,AUM,
BAGRUN,BAGRUN,貝格朗,,
BALENCIAGA,巴黎世家,,,
BALLY ,,,,
BARBOUR,,,,
BAUSCH,博士倫,,,
BEAMSX,碧慕絲,BEAMS,,
BELSTAFF,貝達弗,,,
BIRKENSTOCK,勃肯,,,
BOSS,雨果博斯,,,
BOTTEGA VENETA,BOTTEGA VENETA,寶緹嘉,BV,
BOUNDARYSUPPLY,,,,
BRAUN,百靈,,,
BRAUN BUFFEL,BRAUN BUFFEL,小金牛,,
BRIGGS & RILEY,,,,
BROWN’S,布朗美人,,,
BURBERRY,巴寶莉,,,
BVLGARI,寶格麗,BVLGARI,,
CAMBRIDGE,,,,
CAMPER,,,,
CANON,佳能,,,
CARHARTT,,,,
CARTIER,卡地亞,,,
CDG,COMME DES GARCONS,,,
CELINE,思琳,CELINE,,
CESARE ATTOLINI,,,,
CHAMPION,,,,
CHANEL,小香,香奈兒,,
CHIPPEWA,,,,
CHLOÉ,蔻依,CHLOÉ,CHLOE,
CHROME HEARTS,克羅心,,,
CHUU,,,,
CILOCALA,,,,
CLARK,,,,
CLIMASHIELD,,,,
COACH,蔻馳,,,
COCKPITUSA,COCKPIT USA,,,
COCO,,,,
COMME DES GARCONS,CDG,,,
CONVERSE,匡威,,,
COWA,,,,
DAYTONA,勞力士,,,
DEARMYUNIVERSE,,,,
DERIVE,得路威,,,
DEYA,,,,
DICKIES,,,,
DIOR,古馳,,,
DISCOVERY ADVENTURES,,,,
DITA,,,,
DOGYBALL,,,,
DOLCE & GABBANA,杜嘉班納,D&G,DOLCE&GABBANA,
DUNHILL,,,,
EARTH MUSIC&ECOLOGY,EARTH MUSIC & ECOLOGY,,,
EASTPAK,,,,
ECCO,,,,
ESSILOR,依視路,,,
EYES & SINS,,,,
FEIROMO,,,,
FENDI,芬迪,凡迪,,
FILA,,,,
FILSON,,,,
FOURSPEEDLEATHERS,FOURSPEED.LEATHERS,FOURSPEED LEATHERS,,
FURLA,芙拉,,,
GAP,,,,
GASTON LUGA,,,,
GIANT,捷安特,,,
GILDAN,吉爾登,,,
GIORDANO,佐丹奴,,,
GIVENCHY,纪梵希,,,
GOD SUNS,,,,
GOLDENGOOSE,GOLDEN GOOSE DELUXE BRAND,GGDB,,
GOODYEAR,固特異,,,
GORGIN ET JOVAR,,,,
高雅德,GOYARD,GOYARD,,
G-SHOCK,,,,
GU,,,,
GUESS,蓋爾斯,,,
H&M,,,,
HC STORE,,,,
HERMES,愛馬仕,,,
HERSCHEL,,,,
HOKA ONE ONE,HOKAONEONE,,,
HOMI CREATIONS ,合覓創造,HOMI,,
HOMME,,,,
HOYA,豪雅,,,
HP,惠普,,,
HUMBGO,,,,
HUSH PUPPIES,,,,
IC! BERLIN,IC BERLIN,,,
ICECREAM,,,,
ILLES TEVA,,,,
IONISM,,,,
ISAIA,,,,
ISSEY MIYAKE,三宅一生,,,
IZZVATI,,,,
JACK1T,,,,
JEANSDA,JEANSDA,金斯大,,
JEROME DREYFUSS,,,,
JINS,,,,
JO MALONE LONDON,,,,
JOYRICH,,,,
KANGAROOS,美國袋鼠,,,
KATE SPADE,凱特‧絲蓓紐約,,,
KENZO,凱卓,,,
KING ICE,,,,
KIPLING,吉卜林,,,
KIRSH,,,,
KITON ,,,,
LANEW,老牛皮,LA NEW,,
LANVIN,浪凡,,,
LATIV,米格國際,,,
LAURENT,,,,
LEE,,,,
LEVI'S,,,,
LINDBERG,,,,
LOEWE,羅威,羅意威,,
LONGCHAMP,,,,
LONGINES,浪琴,,,
LOUISVUITTON,LV,,,
LOVFEE,,,,
LULUS,,,,
LYOPAR,,,,
MA+,,,,
MAISON MARGIELA,MAISON MARTIN MARGIELA,,,
MAMMUT,長毛象,,,
MARAIS,瑪黑家居,,,
MARC JACOBS,,,,
MARKUS T,,,,
MARSELL,,,,
MARTENS,DR. MARTENS,馬汀大夫,,
MAXMARA,MAX MARA,麥絲瑪拉,,
MEIERQ,MEIER.Q,,,
MERRELL,,,,
MICHAEL KORS,MK,,,
MILANNOOPTICAL,米蘭‧米藍,米蘭米藍,,
MIZUNO,美津濃,,,
MOMA,,,,
MONCLER,盟可睞,,,
MONT BLANC,萬寶龍,,,
MONT-BELL,,,,
MOSS CLUB,,,,
MOUNTAINSMITH,波樂,,,
MUJI,無印良品,,,
MULBERRY,,,,
MYKITA,邁卡蒂,,,
NAZOROAD,NAZO,,,
NET,,,,
NEW BALANCE,,,,
NEW ERA,新時代冠帽,,,
NIGEL CABOURN,,,,
NIID,,,,
NIKE,,,,
NIKI,,,,
NIKON,尼康,,,
NUDIE JEANS,赤裸牛仔,,,
OAKLEY,奧克利,,,
OFFWHITE,OFF-WHITE,,,
OLIVER SPENCER,,,,
ONEBOY,,,,
ORENDA,,,,
ORORO,,,,
OROTON,,,,
OVERRIDE,,,,
OWENS,,,,
OWNDAYS,,,,
PALLADIUM,,,,
PAMPA,,,,
PANDORA,潘朵拉,,,
PANERAI,沛納海,,,
PAXIS,,,,
PAZZO,,,,
PERSOL,,,,
PLAINME,PLAIN-ME,PLAIN ME,,
PLEATS PLEASE,,,,
POLÈNE,,,,
POLO RALPH LAUREN,雷夫·羅倫馬球,,,
PORTER INTERNATIONAL,,,,
PRADA,,,,
PUMA,彪馬,,,
QUEENSHOP,QUEEN SHOP,,,
RAF SIMONS,RAFSIMONS,,,
RAGEBLUE,,,,
RAINBOWSHOP,RAINBOW SHOP,,,
RALPH LAUREN,雷夫·羅倫馬球,,,
RAMON,,,,
RASKAL,,,,
RAULPH LAUREN,雷夫·羅倫,,,
RAY-BAN,雷朋,,,
REDWING,紅翼,RED WING,,
REEBOK,銳跑,,,
RICK OWENS,,,,
RIOTDIVISION,RIOT DIVISION,,,
RODENSTOCK,羅敦斯德,,,
RRL,,,,
RUBINACCI,,,,
SAINT,,,,
SALVATORE FERRAGAMO,薩瓦托・菲拉格慕,,,
SAMSONITE,新秀麗,,,
SANDYHO,,,,
SATANA,,,,
SAUCONY,索康尼,,,
SBK,速百克,,,
SCHMUDDELWEDDA,,,,
SCHOTT,,,,
SHOEX,,,,
SILHOUETTE,詩樂,,,
SKECHERS,,,,
SM2,,,,
SNUG,,,,
STAN,,,,
STARMIMI,,,,
STORY WEAR,,,,
STRICT G,STRICT-G,,,
STUSSY,,,,
SUPERDRY,SUPERDRY,極度乾燥,SUPERDRY,
SUPERSON,,,,
SUPREME,SUP,,,
TAG HEUER,泰格豪雅,,,
塔斯馬尼亞,TASMANIAN TIGER,,,
TEATRO JE,,,,
THE REAL MCCOY'S,,,,
THE TOPPU,,,,
THEDI LEATHERS,,,,
THEFLEXX,THE FLEXX,,,
THOMBROWNE,THOM BROWNE,湯姆·布朗,,
TICON,帝康,,,
TIFFANY&CO,,,,
TIMBERLAND,,,,
TNF,THE NORTH FACE,北面,北臉,THENORTHFACE
TOKAI,東海,,,
TOM FORD,TOMFORD,,,
TOMMY HILFIGER,湯米席爾菲格,,,
TOMORROWLAND,,,,
TOMYHILFIGER,TOMMY HILFIGER,,,
TORY BURCH,TB,,,
TOYS MCCOY,,,,
TRICKER’S,TRICKER'S,,,
TRUE VINTAGE REVIVAL,TVR,,,
TUMI,,,,
TWIST,,,,
UQ,UNIQLO,,,
URBANATURE ,,,,
VALENTINO,范倫鐵諾,,,
VAN CLEEF & ARPELS,梵克雅寶,,,
VANGER,,,,
VANS,范斯,,,
VAR LIVE,,,,
VIBERG BOOTS,,,,
VICTORINOX,維氏,,,
WHITE'S BOOT,,,,
WOLFFEPACK,,,,
XVESSEL,XVESSEL,,,
YSL,YVES SAINT LAURENT,伊夫·聖羅蘭,YSL,
ZALORA ,,,,
ZARA,颯拉,,,
ZEISS,蔡司,,,
丸山正宏,MASAHIROMARUYAMA,,,
樂磯山,,,,
